<?xml version="1.0" encoding="UTF-8"?>
<zabbix_export>
    <version>3.4</version>
    <date>2018-10-24T19:10:37Z</date>
    <groups>
        <group>
            <name>xFusion Server</name>
        </group>
    </groups>
    <templates>
        <template>
            <template>xFusion Server HMM Template</template>
            <name>xFusion Server HMM Template</name>
            <description/>
            <groups>
                <group>
                    <name>xFusion Server</name>
                </group>
            </groups>
            <applications>
                <application>
                    <name>Blade</name>
                </application>
                <application>
                    <name>CPU</name>
                </application>
                <application>
                    <name>Fan</name>
                </application>
                <application>
                    <name>PowerSupply</name>
                </application>
                <application>
                    <name>Switch</name>
                </application>
                <application>
                    <name>System Info</name>
                </application>
                <application>
                    <name>Temperature</name>
                </application>
            </applications>
            <items>
                <item>
                    <name>Ambient Temp</name>
                    <type>4</type>
                    <snmp_community>{$SNMP_COMMUNITY}</snmp_community>
                    <snmp_oid>1.3.6.1.4.1.2011.2.82.1.82.3.2008.1.2.4</snmp_oid>
                    <key>Ambient_Temp</key>
                    <delay>600s</delay>
                    <history>90d</history>
                    <trends>365d</trends>
                    <status>0</status>
                    <value_type>3</value_type>
                    <allowed_hosts/>
                    <units>°C</units>
                    <snmpv3_contextname/>
                    <snmpv3_securityname/>
                    <snmpv3_securitylevel>0</snmpv3_securitylevel>
                    <snmpv3_authprotocol>0</snmpv3_authprotocol>
                    <snmpv3_authpassphrase/>
                    <snmpv3_privprotocol>0</snmpv3_privprotocol>
                    <snmpv3_privpassphrase/>
                    <params/>
                    <ipmi_sensor/>
                    <authtype>0</authtype>
                    <username/>
                    <password/>
                    <publickey/>
                    <privatekey/>
                    <port>{$SNMP_PORT}</port>
                    <description>SMM Ambient Temp temperature</description>
                    <inventory_link>0</inventory_link>
                    <applications>
                        <application>
                            <name>Temperature</name>
                        </application>
                    </applications>
                    <valuemap/>
                    <logtimefmt/>
                    <preprocessing/>
                    <jmx_endpoint/>
                    <master_item/>
                </item>
                <item>
                    <name>Inlet Temp</name>
                    <type>4</type>
                    <snmp_community>{$SNMP_COMMUNITY}</snmp_community>
                    <snmp_oid>1.3.6.1.4.1.2011.2.82.1.82.3.2008.1.2.1</snmp_oid>
                    <key>Inlet_Temp</key>
                    <delay>600s</delay>
                    <history>90d</history>
                    <trends>365d</trends>
                    <status>0</status>
                    <value_type>0</value_type>
                    <allowed_hosts/>
                    <units>°C</units>
                    <snmpv3_contextname/>
                    <snmpv3_securityname/>
                    <snmpv3_securitylevel>0</snmpv3_securitylevel>
                    <snmpv3_authprotocol>0</snmpv3_authprotocol>
                    <snmpv3_authpassphrase/>
                    <snmpv3_privprotocol>0</snmpv3_privprotocol>
                    <snmpv3_privpassphrase/>
                    <params/>
                    <ipmi_sensor/>
                    <authtype>0</authtype>
                    <username/>
                    <password/>
                    <publickey/>
                    <privatekey/>
                    <port>{$SNMP_PORT}</port>
                    <description>SMM Inlet Temp temperature</description>
                    <inventory_link>0</inventory_link>
                    <applications>
                        <application>
                            <name>Temperature</name>
                        </application>
                    </applications>
                    <valuemap/>
                    <logtimefmt/>
                    <preprocessing/>
                    <jmx_endpoint/>
                    <master_item/>
                </item>
                <item>
                    <name>LSW Temp</name>
                    <type>4</type>
                    <snmp_community>{$SNMP_COMMUNITY}</snmp_community>
                    <snmp_oid>1.3.6.1.4.1.2011.2.82.1.82.3.2008.1.2.3</snmp_oid>
                    <key>LSW_Temp</key>
                    <delay>600s</delay>
                    <history>90d</history>
                    <trends>365d</trends>
                    <status>0</status>
                    <value_type>3</value_type>
                    <allowed_hosts/>
                    <units>°C</units>
                    <snmpv3_contextname/>
                    <snmpv3_securityname/>
                    <snmpv3_securitylevel>0</snmpv3_securitylevel>
                    <snmpv3_authprotocol>0</snmpv3_authprotocol>
                    <snmpv3_authpassphrase/>
                    <snmpv3_privprotocol>0</snmpv3_privprotocol>
                    <snmpv3_privpassphrase/>
                    <params/>
                    <ipmi_sensor/>
                    <authtype>0</authtype>
                    <username/>
                    <password/>
                    <publickey/>
                    <privatekey/>
                    <port>{$SNMP_PORT}</port>
                    <description>SMM LSW Temp temperature</description>
                    <inventory_link>0</inventory_link>
                    <applications>
                        <application>
                            <name>Temperature</name>
                        </application>
                    </applications>
                    <valuemap/>
                    <logtimefmt/>
                    <preprocessing/>
                    <jmx_endpoint/>
                    <master_item/>
                </item>
                <item>
                    <name>Outlet Temp</name>
                    <type>4</type>
                    <snmp_community>{$SNMP_COMMUNITY}</snmp_community>
                    <snmp_oid>1.3.6.1.4.1.2011.2.82.1.82.3.2008.1.2.2</snmp_oid>
                    <key>Outlet_Temp</key>
                    <delay>600s</delay>
                    <history>90d</history>
                    <trends>365d</trends>
                    <status>0</status>
                    <value_type>3</value_type>
                    <allowed_hosts/>
                    <units>°C</units>
                    <snmpv3_contextname/>
                    <snmpv3_securityname/>
                    <snmpv3_securitylevel>0</snmpv3_securitylevel>
                    <snmpv3_authprotocol>0</snmpv3_authprotocol>
                    <snmpv3_authpassphrase/>
                    <snmpv3_privprotocol>0</snmpv3_privprotocol>
                    <snmpv3_privpassphrase/>
                    <params/>
                    <ipmi_sensor/>
                    <authtype>0</authtype>
                    <username/>
                    <password/>
                    <publickey/>
                    <privatekey/>
                    <port>{$SNMP_PORT}</port>
                    <description>SMM Outlet Temp temperature</description>
                    <inventory_link>0</inventory_link>
                    <applications>
                        <application>
                            <name>Temperature</name>
                        </application>
                    </applications>
                    <valuemap/>
                    <logtimefmt/>
                    <preprocessing/>
                    <jmx_endpoint/>
                    <master_item/>
                </item>
                <item>
                    <name>shelfHealth</name>
                    <type>4</type>
                    <snmp_community>{$SNMP_COMMUNITY}</snmp_community>
                    <snmp_oid>1.3.6.1.4.1.2011.2.82.1.82.2.5.0</snmp_oid>
                    <key>shelfHealth</key>
                    <delay>600s</delay>
                    <history>90d</history>
                    <trends>365d</trends>
                    <status>0</status>
                    <value_type>3</value_type>
                    <allowed_hosts/>
                    <units/>
                    <snmpv3_contextname/>
                    <snmpv3_securityname/>
                    <snmpv3_securitylevel>0</snmpv3_securitylevel>
                    <snmpv3_authprotocol>0</snmpv3_authprotocol>
                    <snmpv3_authpassphrase/>
                    <snmpv3_privprotocol>0</snmpv3_privprotocol>
                    <snmpv3_privpassphrase/>
                    <params/>
                    <ipmi_sensor/>
                    <authtype>0</authtype>
                    <username/>
                    <password/>
                    <publickey/>
                    <privatekey/>
                    <port>{$SNMP_PORT}</port>
                    <description>Health information about a particular Location. &#13;
 	This will be one of the following:&#13;
 	(0-ok, 1-minor, 2-major, 3-majorandminor,4-critical,5-criticalandminor,6-criticalandmajor,7-criticalandmajorandminor)</description>
                    <inventory_link>0</inventory_link>
                    <applications>
                        <application>
                            <name>System Info</name>
                        </application>
                    </applications>
                    <valuemap>
                        <name>xFusion server HMMsystemHealth</name>
                    </valuemap>
                    <logtimefmt/>
                    <preprocessing/>
                    <jmx_endpoint/>
                    <master_item/>
                </item>
                <item>
                    <name>shelfRealTimePower</name>
                    <type>4</type>
                    <snmp_community>{$SNMP_COMMUNITY}</snmp_community>
                    <snmp_oid>1.3.6.1.4.1.2011.2.82.1.82.2.13.0</snmp_oid>
                    <key>shelfRealTimePower</key>
                    <delay>600s</delay>
                    <history>90d</history>
                    <trends>365d</trends>
                    <status>0</status>
                    <value_type>3</value_type>
                    <allowed_hosts/>
                    <units>W</units>
                    <snmpv3_contextname/>
                    <snmpv3_securityname/>
                    <snmpv3_securitylevel>0</snmpv3_securitylevel>
                    <snmpv3_authprotocol>0</snmpv3_authprotocol>
                    <snmpv3_authpassphrase/>
                    <snmpv3_privprotocol>0</snmpv3_privprotocol>
                    <snmpv3_privpassphrase/>
                    <params/>
                    <ipmi_sensor/>
                    <authtype>0</authtype>
                    <username/>
                    <password/>
                    <publickey/>
                    <privatekey/>
                    <port>{$SNMP_PORT}</port>
                    <description/>
                    <inventory_link>0</inventory_link>
                    <applications>
                        <application>
                            <name>System Info</name>
                        </application>
                    </applications>
                    <valuemap/>
                    <logtimefmt/>
                    <preprocessing/>
                    <jmx_endpoint/>
                    <master_item/>
                </item>
                <item>
                    <name>shelfSerialNumber</name>
                    <type>4</type>
                    <snmp_community>{$SNMP_COMMUNITY}</snmp_community>
                    <snmp_oid>1.3.6.1.4.1.2011.2.82.1.82.2.2001.1.15.0</snmp_oid>
                    <key>shelfSerialNumber</key>
                    <delay>86400s</delay>
                    <history>30d</history>
                    <trends>0</trends>
                    <status>0</status>
                    <value_type>4</value_type>
                    <allowed_hosts/>
                    <units/>
                    <snmpv3_contextname/>
                    <snmpv3_securityname/>
                    <snmpv3_securitylevel>0</snmpv3_securitylevel>
                    <snmpv3_authprotocol>0</snmpv3_authprotocol>
                    <snmpv3_authpassphrase/>
                    <snmpv3_privprotocol>0</snmpv3_privprotocol>
                    <snmpv3_privpassphrase/>
                    <params/>
                    <ipmi_sensor/>
                    <authtype>0</authtype>
                    <username/>
                    <password/>
                    <publickey/>
                    <privatekey/>
                    <port>{$SNMP_PORT}</port>
                    <description>Used to read the shelf Serial Number from the Fru.</description>
                    <inventory_link>8</inventory_link>
                    <applications>
                        <application>
                            <name>System Info</name>
                        </application>
                    </applications>
                    <valuemap/>
                    <logtimefmt/>
                    <preprocessing/>
                    <jmx_endpoint/>
                    <master_item/>
                </item>
                <item>
                    <name>smmDeviceID</name>
                    <type>4</type>
                    <snmp_community>{$SNMP_COMMUNITY}</snmp_community>
                    <snmp_oid>1.3.6.1.4.1.2011.2.82.1.82.3.7.0</snmp_oid>
                    <key>smmDeviceID</key>
                    <delay>86400s</delay>
                    <history>30d</history>
                    <trends>0</trends>
                    <status>0</status>
                    <value_type>4</value_type>
                    <allowed_hosts/>
                    <units/>
                    <snmpv3_contextname/>
                    <snmpv3_securityname/>
                    <snmpv3_securitylevel>0</snmpv3_securitylevel>
                    <snmpv3_authprotocol>0</snmpv3_authprotocol>
                    <snmpv3_authpassphrase/>
                    <snmpv3_privprotocol>0</snmpv3_privprotocol>
                    <snmpv3_privpassphrase/>
                    <params/>
                    <ipmi_sensor/>
                    <authtype>0</authtype>
                    <username/>
                    <password/>
                    <publickey/>
                    <privatekey/>
                    <port>{$SNMP_PORT}</port>
                    <description>Display the contents of the DEVICE ID information.  &#13;
 	The fields are space separated:&#13;
 	Field 1 - Device ID                   &#13;
 	Field 2 - SDR Support&#13;
 	Field 3 - Device Revision&#13;
 	Field 4 - Device Available&#13;
 	Field 5 - Firmware Revision&#13;
 	Field 6 - IPMI Version&#13;
 	Field 7 - shelf Support&#13;
 	Field 8 - Bridge Support&#13;
 	Field 9 - IPMB Event Generator Support&#13;
 	Field 10 - IPMB Event Receiver Support&#13;
 	Field 11 - FRU Inventory Support&#13;
 	Field 12 - SEL Support&#13;
 	Field 13 - SDR Repository Support&#13;
 	Field 14 - Sensor Support&#13;
 	Field 15 - Manufacturer ID&#13;
 	Field 16 - Product ID&#13;
 	Field 17 - Aux Firmware Revision</description>
                    <inventory_link>10</inventory_link>
                    <applications>
                        <application>
                            <name>System Info</name>
                        </application>
                    </applications>
                    <valuemap/>
                    <logtimefmt/>
                    <preprocessing/>
                    <jmx_endpoint/>
                    <master_item/>
                </item>
                <item>
                    <name>smmEthMac</name>
                    <type>4</type>
                    <snmp_community>{$SNMP_COMMUNITY}</snmp_community>
                    <snmp_oid>1.3.6.1.4.1.2011.2.82.1.82.3.2005.1.7.0</snmp_oid>
                    <key>smmEthMac</key>
                    <delay>86400s</delay>
                    <history>30d</history>
                    <trends>0</trends>
                    <status>0</status>
                    <value_type>4</value_type>
                    <allowed_hosts/>
                    <units/>
                    <snmpv3_contextname/>
                    <snmpv3_securityname/>
                    <snmpv3_securitylevel>0</snmpv3_securitylevel>
                    <snmpv3_authprotocol>0</snmpv3_authprotocol>
                    <snmpv3_authpassphrase/>
                    <snmpv3_privprotocol>0</snmpv3_privprotocol>
                    <snmpv3_privpassphrase/>
                    <params/>
                    <ipmi_sensor/>
                    <authtype>0</authtype>
                    <username/>
                    <password/>
                    <publickey/>
                    <privatekey/>
                    <port>{$SNMP_PORT}</port>
                    <description>Get Eth MAC</description>
                    <inventory_link>12</inventory_link>
                    <applications>
                        <application>
                            <name>System Info</name>
                        </application>
                    </applications>
                    <valuemap/>
                    <logtimefmt/>
                    <preprocessing/>
                    <jmx_endpoint/>
                    <master_item/>
                </item>
                <item>
                    <name>smmHealth</name>
                    <type>4</type>
                    <snmp_community>{$SNMP_COMMUNITY}</snmp_community>
                    <snmp_oid>1.3.6.1.4.1.2011.2.82.1.82.3.9.0</snmp_oid>
                    <key>smmHealth</key>
                    <delay>600s</delay>
                    <history>90d</history>
                    <trends>365d</trends>
                    <status>0</status>
                    <value_type>3</value_type>
                    <allowed_hosts/>
                    <units/>
                    <snmpv3_contextname/>
                    <snmpv3_securityname/>
                    <snmpv3_securitylevel>0</snmpv3_securitylevel>
                    <snmpv3_authprotocol>0</snmpv3_authprotocol>
                    <snmpv3_authpassphrase/>
                    <snmpv3_privprotocol>0</snmpv3_privprotocol>
                    <snmpv3_privpassphrase/>
                    <params/>
                    <ipmi_sensor/>
                    <authtype>0</authtype>
                    <username/>
                    <password/>
                    <publickey/>
                    <privatekey/>
                    <port>{$SNMP_PORT}</port>
                    <description>smmHealth information about a particular smmLocation. &#13;
 	This will be one of the following:&#13;
 	(0-ok, 1-minor, 2-major, 3-majorandminor,4-critical,5-criticalandminor,6-criticalandmajor,7-criticalandmajorandminor)</description>
                    <inventory_link>0</inventory_link>
                    <applications>
                        <application>
                            <name>System Info</name>
                        </application>
                    </applications>
                    <valuemap>
                        <name>xFusion server HMMsystemHealth</name>
                    </valuemap>
                    <logtimefmt/>
                    <preprocessing/>
                    <jmx_endpoint/>
                    <master_item/>
                </item>
                <item>
                    <name>smmHostname</name>
                    <type>4</type>
                    <snmp_community>{$SNMP_COMMUNITY}</snmp_community>
                    <snmp_oid>1.3.6.1.4.1.2011.2.82.1.82.3.49.0</snmp_oid>
                    <key>smmHostname</key>
                    <delay>86400s</delay>
                    <history>30d</history>
                    <trends>0</trends>
                    <status>0</status>
                    <value_type>1</value_type>
                    <allowed_hosts/>
                    <units/>
                    <snmpv3_contextname/>
                    <snmpv3_securityname/>
                    <snmpv3_securitylevel>0</snmpv3_securitylevel>
                    <snmpv3_authprotocol>0</snmpv3_authprotocol>
                    <snmpv3_authpassphrase/>
                    <snmpv3_privprotocol>0</snmpv3_privprotocol>
                    <snmpv3_privpassphrase/>
                    <params/>
                    <ipmi_sensor/>
                    <authtype>0</authtype>
                    <username/>
                    <password/>
                    <publickey/>
                    <privatekey/>
                    <port>{$SNMP_PORT}</port>
                    <description>Get  the Hostname.</description>
                    <inventory_link>3</inventory_link>
                    <applications>
                        <application>
                            <name>System Info</name>
                        </application>
                    </applications>
                    <valuemap/>
                    <logtimefmt/>
                    <preprocessing>
                        <step>
                            <type>5</type>
                            <params>:.*
\0</params>
                        </step>
                        <step>
                            <type>3</type>
                            <params>:</params>
                        </step>
                    </preprocessing>
                    <jmx_endpoint/>
                    <master_item/>
                </item>
                <item>
                    <name>smmProductName</name>
                    <type>4</type>
                    <snmp_community>{$SNMP_COMMUNITY}</snmp_community>
                    <snmp_oid>1.3.6.1.4.1.2011.2.82.1.82.3.74.0</snmp_oid>
                    <key>smmProductName</key>
                    <delay>86400s</delay>
                    <history>30d</history>
                    <trends>0</trends>
                    <status>0</status>
                    <value_type>4</value_type>
                    <allowed_hosts/>
                    <units/>
                    <snmpv3_contextname/>
                    <snmpv3_securityname/>
                    <snmpv3_securitylevel>0</snmpv3_securitylevel>
                    <snmpv3_authprotocol>0</snmpv3_authprotocol>
                    <snmpv3_authpassphrase/>
                    <snmpv3_privprotocol>0</snmpv3_privprotocol>
                    <snmpv3_privpassphrase/>
                    <params/>
                    <ipmi_sensor/>
                    <authtype>0</authtype>
                    <username/>
                    <password/>
                    <publickey/>
                    <privatekey/>
                    <port>{$SNMP_PORT}</port>
                    <description>The version of the smm software.</description>
                    <inventory_link>1</inventory_link>
                    <applications>
                        <application>
                            <name>System Info</name>
                        </application>
                    </applications>
                    <valuemap/>
                    <logtimefmt/>
                    <preprocessing/>
                    <jmx_endpoint/>
                    <master_item/>
                </item>
                <item>
                    <name>sysName</name>
                    <type>4</type>
                    <snmp_community>{$SNMP_COMMUNITY}</snmp_community>
                    <snmp_oid>1.3.6.1.2.1.1.5.0</snmp_oid>
                    <key>sysName</key>
                    <delay>86400s</delay>
                    <history>30d</history>
                    <trends>0</trends>
                    <status>0</status>
                    <value_type>4</value_type>
                    <allowed_hosts/>
                    <units/>
                    <snmpv3_contextname/>
                    <snmpv3_securityname/>
                    <snmpv3_securitylevel>0</snmpv3_securitylevel>
                    <snmpv3_authprotocol>0</snmpv3_authprotocol>
                    <snmpv3_authpassphrase/>
                    <snmpv3_privprotocol>0</snmpv3_privprotocol>
                    <snmpv3_privpassphrase/>
                    <params/>
                    <ipmi_sensor/>
                    <authtype>0</authtype>
                    <username/>
                    <password/>
                    <publickey/>
                    <privatekey/>
                    <port>{$SNMP_PORT}</port>
                    <description>An administratively-assigned name for this&#13;
 	managed node.  By convention, this is the node's&#13;
 	fully-qualified domain name.</description>
                    <inventory_link>5</inventory_link>
                    <applications>
                        <application>
                            <name>System Info</name>
                        </application>
                    </applications>
                    <valuemap/>
                    <logtimefmt/>
                    <preprocessing/>
                    <jmx_endpoint/>
                    <master_item/>
                </item>
                <item>
                    <name>systemHealth</name>
                    <type>4</type>
                    <snmp_community>{$SNMP_COMMUNITY}</snmp_community>
                    <snmp_oid>1.3.6.1.4.1.2011.2.82.1.82.1.1.0</snmp_oid>
                    <key>systemHealth</key>
                    <delay>600s</delay>
                    <history>90d</history>
                    <trends>365d</trends>
                    <status>0</status>
                    <value_type>3</value_type>
                    <allowed_hosts/>
                    <units/>
                    <snmpv3_contextname/>
                    <snmpv3_securityname/>
                    <snmpv3_securitylevel>0</snmpv3_securitylevel>
                    <snmpv3_authprotocol>0</snmpv3_authprotocol>
                    <snmpv3_authpassphrase/>
                    <snmpv3_privprotocol>0</snmpv3_privprotocol>
                    <snmpv3_privpassphrase/>
                    <params/>
                    <ipmi_sensor/>
                    <authtype>0</authtype>
                    <username/>
                    <password/>
                    <publickey/>
                    <privatekey/>
                    <port>{$SNMP_PORT}</port>
                    <description>systemHealth information about a particular systemLocation. &#13;
 	This will be one of the following:&#13;
 	(0-ok, 1-minor, 2-major, 3-majorandminor,4-critical,5-criticalandminor,6-criticalandmajor,7-criticalandmajorandminor)</description>
                    <inventory_link>0</inventory_link>
                    <applications>
                        <application>
                            <name>System Info</name>
                        </application>
                    </applications>
                    <valuemap>
                        <name>xFusion server HMMsystemHealth</name>
                    </valuemap>
                    <logtimefmt/>
                    <preprocessing/>
                    <jmx_endpoint/>
                    <master_item/>
                </item>
            </items>
            <discovery_rules>
                <discovery_rule>
                    <name>mBlade</name>
                    <type>4</type>
                    <snmp_community>{$SNMP_COMMUNITY}</snmp_community>
                    <snmp_oid>discovery[{#SNMPVALUE1},.1.3.6.1.4.1.2011.2.82.1.82.100.1.2001.1.1,{#SNMPCPU8},.1.3.6.1.4.1.2011.2.82.1.82.4.8.2006.1.1]</snmp_oid>
                    <key>mBladeHealth-[{#SNMPVALUE1}]</key>
                    <delay>3600s</delay>
                    <status>0</status>
                    <allowed_hosts/>
                    <snmpv3_contextname/>
                    <snmpv3_securityname/>
                    <snmpv3_securitylevel>0</snmpv3_securitylevel>
                    <snmpv3_authprotocol>0</snmpv3_authprotocol>
                    <snmpv3_authpassphrase/>
                    <snmpv3_privprotocol>0</snmpv3_privprotocol>
                    <snmpv3_privpassphrase/>
                    <params/>
                    <ipmi_sensor/>
                    <authtype>0</authtype>
                    <username/>
                    <password/>
                    <publickey/>
                    <privatekey/>
                    <port>{$SNMP_PORT}</port>
                    <filter>
                        <evaltype>0</evaltype>
                        <formula/>
                        <conditions/>
                    </filter>
                    <lifetime>0d</lifetime>
                    <description>b1Health information about a particular b1Location. &#13;
 	This will be one of the following:&#13;
 	(0-ok, 1-minor, 2-major, 3-majorandminor,4-critical,5-criticalandminor,6-criticalandmajor,7-criticalandmajorandminor)</description>
                    <item_prototypes>
                        <item_prototype>
                            <name>blade $1 System CPU Usage</name>
                            <type>4</type>
                            <snmp_community>{$SNMP_COMMUNITY}</snmp_community>
                            <snmp_oid>1.3.6.1.4.1.2011.2.82.1.82.4.{#SNMPINDEX}.60.0</snmp_oid>
                            <key>bladeCPUusage[{#SNMPVALUE1}]</key>
                            <delay>600s</delay>
                            <history>7d</history>
                            <trends>365d</trends>
                            <status>0</status>
                            <value_type>3</value_type>
                            <allowed_hosts/>
                            <units>%</units>
                            <snmpv3_contextname/>
                            <snmpv3_securityname/>
                            <snmpv3_securitylevel>0</snmpv3_securitylevel>
                            <snmpv3_authprotocol>0</snmpv3_authprotocol>
                            <snmpv3_authpassphrase/>
                            <snmpv3_privprotocol>0</snmpv3_privprotocol>
                            <snmpv3_privpassphrase/>
                            <params/>
                            <ipmi_sensor/>
                            <authtype>0</authtype>
                            <username/>
                            <password/>
                            <publickey/>
                            <privatekey/>
                            <port>{$SNMP_PORT}</port>
                            <description/>
                            <inventory_link>0</inventory_link>
                            <applications>
                                <application>
                                    <name>Blade</name>
                                </application>
                            </applications>
                            <valuemap>
                                <name>xFusion server invalid CPU usage</name>
                            </valuemap>
                            <logtimefmt/>
                            <preprocessing/>
                            <jmx_endpoint/>
                            <application_prototypes/>
                            <master_item_prototype/>
                        </item_prototype>
                        <item_prototype>
                            <name>blade $1 Inlet Temperature</name>
                            <type>4</type>
                            <snmp_community>{$SNMP_COMMUNITY}</snmp_community>
                            <snmp_oid>1.3.6.1.4.1.2011.2.82.1.82.4.{#SNMPINDEX}.2012.1.2.1</snmp_oid>
                            <key>bladeInletTemp[{#SNMPVALUE1}]</key>
                            <delay>600s</delay>
                            <history>7d</history>
                            <trends>365d</trends>
                            <status>0</status>
                            <value_type>3</value_type>
                            <allowed_hosts/>
                            <units>°C</units>
                            <snmpv3_contextname/>
                            <snmpv3_securityname/>
                            <snmpv3_securitylevel>0</snmpv3_securitylevel>
                            <snmpv3_authprotocol>0</snmpv3_authprotocol>
                            <snmpv3_authpassphrase/>
                            <snmpv3_privprotocol>0</snmpv3_privprotocol>
                            <snmpv3_privpassphrase/>
                            <params/>
                            <ipmi_sensor/>
                            <authtype>0</authtype>
                            <username/>
                            <password/>
                            <publickey/>
                            <privatekey/>
                            <port>{$SNMP_PORT}</port>
                            <description/>
                            <inventory_link>0</inventory_link>
                            <applications>
                                <application>
                                    <name>Blade</name>
                                </application>
                            </applications>
                            <valuemap>
                                <name>xFusion server HMM Blade temperature</name>
                            </valuemap>
                            <logtimefmt/>
                            <preprocessing/>
                            <jmx_endpoint/>
                            <application_prototypes/>
                            <master_item_prototype/>
                        </item_prototype>
                        <item_prototype>
                            <name>Blade $1 Real Time Power</name>
                            <type>4</type>
                            <snmp_community>{$SNMP_COMMUNITY}</snmp_community>
                            <snmp_oid>1.3.6.1.4.1.2011.2.82.1.82.4.{#SNMPINDEX}.43.0</snmp_oid>
                            <key>bladeRealTimePower[{#SNMPVALUE1}]</key>
                            <delay>600s</delay>
                            <history>7d</history>
                            <trends>365d</trends>
                            <status>0</status>
                            <value_type>3</value_type>
                            <allowed_hosts/>
                            <units>W</units>
                            <snmpv3_contextname/>
                            <snmpv3_securityname/>
                            <snmpv3_securitylevel>0</snmpv3_securitylevel>
                            <snmpv3_authprotocol>0</snmpv3_authprotocol>
                            <snmpv3_authpassphrase/>
                            <snmpv3_privprotocol>0</snmpv3_privprotocol>
                            <snmpv3_privpassphrase/>
                            <params/>
                            <ipmi_sensor/>
                            <authtype>0</authtype>
                            <username/>
                            <password/>
                            <publickey/>
                            <privatekey/>
                            <port>{$SNMP_PORT}</port>
                            <description/>
                            <inventory_link>0</inventory_link>
                            <applications>
                                <application>
                                    <name>Blade</name>
                                </application>
                            </applications>
                            <valuemap/>
                            <logtimefmt/>
                            <preprocessing/>
                            <jmx_endpoint/>
                            <application_prototypes/>
                            <master_item_prototype/>
                        </item_prototype>
                        <item_prototype>
                            <name>blade $1 Status</name>
                            <type>4</type>
                            <snmp_community>{$SNMP_COMMUNITY}</snmp_community>
                            <snmp_oid>1.3.6.1.4.1.2011.2.82.1.82.100.1.2001.1.3.{#SNMPINDEX}</snmp_oid>
                            <key>bladestatus[{#SNMPVALUE1}]</key>
                            <delay>600s</delay>
                            <history>7d</history>
                            <trends>365d</trends>
                            <status>0</status>
                            <value_type>3</value_type>
                            <allowed_hosts/>
                            <units/>
                            <snmpv3_contextname/>
                            <snmpv3_securityname/>
                            <snmpv3_securitylevel>0</snmpv3_securitylevel>
                            <snmpv3_authprotocol>0</snmpv3_authprotocol>
                            <snmpv3_authpassphrase/>
                            <snmpv3_privprotocol>0</snmpv3_privprotocol>
                            <snmpv3_privpassphrase/>
                            <params/>
                            <ipmi_sensor/>
                            <authtype>0</authtype>
                            <username/>
                            <password/>
                            <publickey/>
                            <privatekey/>
                            <port>{$SNMP_PORT}</port>
                            <description/>
                            <inventory_link>0</inventory_link>
                            <applications>
                                <application>
                                    <name>Blade</name>
                                </application>
                            </applications>
                            <valuemap>
                                <name>xFusion server smmHealth</name>
                            </valuemap>
                            <logtimefmt/>
                            <preprocessing/>
                            <jmx_endpoint/>
                            <application_prototypes/>
                            <master_item_prototype/>
                        </item_prototype>
                        <item_prototype>
                            <name>blade $1 CPU Power</name>
                            <type>4</type>
                            <snmp_community>{$SNMP_COMMUNITY}</snmp_community>
                            <snmp_oid>1.3.6.1.4.1.2011.2.82.1.82.4.{#SNMPINDEX}.62.0</snmp_oid>
                            <key>CPUPower[{#SNMPVALUE1}]</key>
                            <delay>600s</delay>
                            <history>7d</history>
                            <trends>365d</trends>
                            <status>0</status>
                            <value_type>3</value_type>
                            <allowed_hosts/>
                            <units>W</units>
                            <snmpv3_contextname/>
                            <snmpv3_securityname/>
                            <snmpv3_securitylevel>0</snmpv3_securitylevel>
                            <snmpv3_authprotocol>0</snmpv3_authprotocol>
                            <snmpv3_authpassphrase/>
                            <snmpv3_privprotocol>0</snmpv3_privprotocol>
                            <snmpv3_privpassphrase/>
                            <params/>
                            <ipmi_sensor/>
                            <authtype>0</authtype>
                            <username/>
                            <password/>
                            <publickey/>
                            <privatekey/>
                            <port>{$SNMP_PORT}</port>
                            <description/>
                            <inventory_link>0</inventory_link>
                            <applications>
                                <application>
                                    <name>CPU</name>
                                </application>
                            </applications>
                            <valuemap/>
                            <logtimefmt/>
                            <preprocessing/>
                            <jmx_endpoint/>
                            <application_prototypes/>
                            <master_item_prototype/>
                        </item_prototype>
                    </item_prototypes>
                    <trigger_prototypes>
                        <trigger_prototype>
                            <expression>{xFusion Server HMM Template:bladestatus[{#SNMPVALUE1}].last()}=4</expression>
                            <recovery_mode>0</recovery_mode>
                            <recovery_expression/>
                            <name>blade [{#SNMPVALUE1}] status critical</name>
                            <correlation_mode>0</correlation_mode>
                            <correlation_tag/>
                            <url/>
                            <status>0</status>
                            <priority>5</priority>
                            <description/>
                            <type>0</type>
                            <manual_close>0</manual_close>
                            <dependencies/>
                            <tags/>
                        </trigger_prototype>
                        <trigger_prototype>
                            <expression>{xFusion Server HMM Template:bladestatus[{#SNMPVALUE1}].last()}=3</expression>
                            <recovery_mode>0</recovery_mode>
                            <recovery_expression/>
                            <name>blade [{#SNMPVALUE1}] status major</name>
                            <correlation_mode>0</correlation_mode>
                            <correlation_tag/>
                            <url/>
                            <status>0</status>
                            <priority>4</priority>
                            <description/>
                            <type>0</type>
                            <manual_close>0</manual_close>
                            <dependencies/>
                            <tags/>
                        </trigger_prototype>
                        <trigger_prototype>
                            <expression>{xFusion Server HMM Template:bladestatus[{#SNMPVALUE1}].last()}=2</expression>
                            <recovery_mode>0</recovery_mode>
                            <recovery_expression/>
                            <name>blade [{#SNMPVALUE1}] status minor</name>
                            <correlation_mode>0</correlation_mode>
                            <correlation_tag/>
                            <url/>
                            <status>0</status>
                            <priority>2</priority>
                            <description/>
                            <type>0</type>
                            <manual_close>0</manual_close>
                            <dependencies/>
                            <tags/>
                        </trigger_prototype>
                    </trigger_prototypes>
                    <graph_prototypes>
                        <graph_prototype>
                            <name>blade [{#SNMPVALUE1}] CPU Power</name>
                            <width>900</width>
                            <height>200</height>
                            <yaxismin>0.0000</yaxismin>
                            <yaxismax>100.0000</yaxismax>
                            <show_work_period>1</show_work_period>
                            <show_triggers>1</show_triggers>
                            <type>0</type>
                            <show_legend>1</show_legend>
                            <show_3d>0</show_3d>
                            <percent_left>0.0000</percent_left>
                            <percent_right>0.0000</percent_right>
                            <ymin_type_1>0</ymin_type_1>
                            <ymax_type_1>0</ymax_type_1>
                            <ymin_item_1>0</ymin_item_1>
                            <ymax_item_1>0</ymax_item_1>
                            <graph_items>
                                <graph_item>
                                    <sortorder>0</sortorder>
                                    <drawtype>0</drawtype>
                                    <color>1A7C11</color>
                                    <yaxisside>0</yaxisside>
                                    <calc_fnc>2</calc_fnc>
                                    <type>0</type>
                                    <item>
                                        <host>xFusion Server HMM Template</host>
                                        <key>CPUPower[{#SNMPVALUE1}]</key>
                                    </item>
                                </graph_item>
                            </graph_items>
                        </graph_prototype>
                        <graph_prototype>
                            <name>blade [{#SNMPVALUE1}] Inlet Temperature</name>
                            <width>900</width>
                            <height>200</height>
                            <yaxismin>0.0000</yaxismin>
                            <yaxismax>100.0000</yaxismax>
                            <show_work_period>1</show_work_period>
                            <show_triggers>1</show_triggers>
                            <type>0</type>
                            <show_legend>1</show_legend>
                            <show_3d>0</show_3d>
                            <percent_left>0.0000</percent_left>
                            <percent_right>0.0000</percent_right>
                            <ymin_type_1>0</ymin_type_1>
                            <ymax_type_1>0</ymax_type_1>
                            <ymin_item_1>0</ymin_item_1>
                            <ymax_item_1>0</ymax_item_1>
                            <graph_items>
                                <graph_item>
                                    <sortorder>0</sortorder>
                                    <drawtype>0</drawtype>
                                    <color>1A7C11</color>
                                    <yaxisside>0</yaxisside>
                                    <calc_fnc>2</calc_fnc>
                                    <type>0</type>
                                    <item>
                                        <host>xFusion Server HMM Template</host>
                                        <key>bladeInletTemp[{#SNMPVALUE1}]</key>
                                    </item>
                                </graph_item>
                            </graph_items>
                        </graph_prototype>
                        <graph_prototype>
                            <name>blade [{#SNMPVALUE1}] Real Time Power</name>
                            <width>900</width>
                            <height>200</height>
                            <yaxismin>0.0000</yaxismin>
                            <yaxismax>100.0000</yaxismax>
                            <show_work_period>1</show_work_period>
                            <show_triggers>1</show_triggers>
                            <type>0</type>
                            <show_legend>1</show_legend>
                            <show_3d>0</show_3d>
                            <percent_left>0.0000</percent_left>
                            <percent_right>0.0000</percent_right>
                            <ymin_type_1>0</ymin_type_1>
                            <ymax_type_1>0</ymax_type_1>
                            <ymin_item_1>0</ymin_item_1>
                            <ymax_item_1>0</ymax_item_1>
                            <graph_items>
                                <graph_item>
                                    <sortorder>0</sortorder>
                                    <drawtype>0</drawtype>
                                    <color>1A7C11</color>
                                    <yaxisside>0</yaxisside>
                                    <calc_fnc>2</calc_fnc>
                                    <type>0</type>
                                    <item>
                                        <host>xFusion Server HMM Template</host>
                                        <key>CPUPower[{#SNMPVALUE1}]</key>
                                    </item>
                                </graph_item>
                            </graph_items>
                        </graph_prototype>
                        <graph_prototype>
                            <name>blade[{#SNMPVALUE1}]  System CPU Usage</name>
                            <width>900</width>
                            <height>200</height>
                            <yaxismin>0.0000</yaxismin>
                            <yaxismax>100.0000</yaxismax>
                            <show_work_period>1</show_work_period>
                            <show_triggers>1</show_triggers>
                            <type>0</type>
                            <show_legend>1</show_legend>
                            <show_3d>0</show_3d>
                            <percent_left>0.0000</percent_left>
                            <percent_right>0.0000</percent_right>
                            <ymin_type_1>0</ymin_type_1>
                            <ymax_type_1>0</ymax_type_1>
                            <ymin_item_1>0</ymin_item_1>
                            <ymax_item_1>0</ymax_item_1>
                            <graph_items>
                                <graph_item>
                                    <sortorder>0</sortorder>
                                    <drawtype>0</drawtype>
                                    <color>1A7C11</color>
                                    <yaxisside>0</yaxisside>
                                    <calc_fnc>2</calc_fnc>
                                    <type>0</type>
                                    <item>
                                        <host>xFusion Server HMM Template</host>
                                        <key>bladeCPUusage[{#SNMPVALUE1}]</key>
                                    </item>
                                </graph_item>
                            </graph_items>
                        </graph_prototype>
                    </graph_prototypes>
                    <host_prototypes/>
                    <jmx_endpoint/>
                </discovery_rule>
                <discovery_rule>
                    <name>mFan</name>
                    <type>4</type>
                    <snmp_community>{$SNMP_COMMUNITY}</snmp_community>
                    <snmp_oid>discovery[{#SNMPVALUE},.1.3.6.1.4.1.2011.2.82.1.82.100.3.2001.1.1]</snmp_oid>
                    <key>mFanHealth-[{#SNMPVALUE}]</key>
                    <delay>3600s</delay>
                    <status>0</status>
                    <allowed_hosts/>
                    <snmpv3_contextname/>
                    <snmpv3_securityname/>
                    <snmpv3_securitylevel>0</snmpv3_securitylevel>
                    <snmpv3_authprotocol>0</snmpv3_authprotocol>
                    <snmpv3_authpassphrase/>
                    <snmpv3_privprotocol>0</snmpv3_privprotocol>
                    <snmpv3_privpassphrase/>
                    <params/>
                    <ipmi_sensor/>
                    <authtype>0</authtype>
                    <username/>
                    <password/>
                    <publickey/>
                    <privatekey/>
                    <port>{$SNMP_PORT}</port>
                    <filter>
                        <evaltype>0</evaltype>
                        <formula/>
                        <conditions/>
                    </filter>
                    <lifetime>0d</lifetime>
                    <description>Fantray health level information.</description>
                    <item_prototypes>
                        <item_prototype>
                            <name>fan $1 Status</name>
                            <type>4</type>
                            <snmp_community>{$SNMP_COMMUNITY}</snmp_community>
                            <snmp_oid>1.3.6.1.4.1.2011.2.82.1.82.100.3.2001.1.3.{#SNMPINDEX}</snmp_oid>
                            <key>mFanHealth[{#SNMPVALUE}]</key>
                            <delay>600s</delay>
                            <history>7d</history>
                            <trends>365d</trends>
                            <status>0</status>
                            <value_type>3</value_type>
                            <allowed_hosts/>
                            <units/>
                            <snmpv3_contextname/>
                            <snmpv3_securityname/>
                            <snmpv3_securitylevel>0</snmpv3_securitylevel>
                            <snmpv3_authprotocol>0</snmpv3_authprotocol>
                            <snmpv3_authpassphrase/>
                            <snmpv3_privprotocol>0</snmpv3_privprotocol>
                            <snmpv3_privpassphrase/>
                            <params/>
                            <ipmi_sensor/>
                            <authtype>0</authtype>
                            <username/>
                            <password/>
                            <publickey/>
                            <privatekey/>
                            <port>{$SNMP_PORT}</port>
                            <description>1: normal(1)&#13;
2: minor(2)&#13;
3: major(3)&#13;
4: critical(4)</description>
                            <inventory_link>0</inventory_link>
                            <applications>
                                <application>
                                    <name>Fan</name>
                                </application>
                            </applications>
                            <valuemap>
                                <name>xFusion server smmHealth</name>
                            </valuemap>
                            <logtimefmt/>
                            <preprocessing/>
                            <jmx_endpoint/>
                            <application_prototypes/>
                            <master_item_prototype/>
                        </item_prototype>
                    </item_prototypes>
                    <trigger_prototypes>
                        <trigger_prototype>
                            <expression>{xFusion Server HMM Template:mFanHealth[{#SNMPVALUE}].last()}=4</expression>
                            <recovery_mode>0</recovery_mode>
                            <recovery_expression/>
                            <name>fan  [{#SNMPVALUE}] status critical</name>
                            <correlation_mode>0</correlation_mode>
                            <correlation_tag/>
                            <url/>
                            <status>0</status>
                            <priority>5</priority>
                            <description/>
                            <type>0</type>
                            <manual_close>0</manual_close>
                            <dependencies/>
                            <tags/>
                        </trigger_prototype>
                        <trigger_prototype>
                            <expression>{xFusion Server HMM Template:mFanHealth[{#SNMPVALUE}].last()}=3</expression>
                            <recovery_mode>0</recovery_mode>
                            <recovery_expression/>
                            <name>fan  [{#SNMPVALUE}] status major</name>
                            <correlation_mode>0</correlation_mode>
                            <correlation_tag/>
                            <url/>
                            <status>0</status>
                            <priority>4</priority>
                            <description/>
                            <type>0</type>
                            <manual_close>0</manual_close>
                            <dependencies/>
                            <tags/>
                        </trigger_prototype>
                        <trigger_prototype>
                            <expression>{xFusion Server HMM Template:mFanHealth[{#SNMPVALUE}].last()}=2</expression>
                            <recovery_mode>0</recovery_mode>
                            <recovery_expression/>
                            <name>fan  [{#SNMPVALUE}] status minor</name>
                            <correlation_mode>0</correlation_mode>
                            <correlation_tag/>
                            <url/>
                            <status>0</status>
                            <priority>2</priority>
                            <description/>
                            <type>0</type>
                            <manual_close>0</manual_close>
                            <dependencies/>
                            <tags/>
                        </trigger_prototype>
                    </trigger_prototypes>
                    <graph_prototypes/>
                    <host_prototypes/>
                    <jmx_endpoint/>
                </discovery_rule>
                <discovery_rule>
                    <name>mPsu</name>
                    <type>4</type>
                    <snmp_community>{$SNMP_COMMUNITY}</snmp_community>
                    <snmp_oid>discovery[{#SNMPVALUE},.1.3.6.1.4.1.2011.2.82.1.82.100.4.2001.1.1]</snmp_oid>
                    <key>mPsuHealth-[{#SNMPVALUE}]</key>
                    <delay>3600s</delay>
                    <status>0</status>
                    <allowed_hosts/>
                    <snmpv3_contextname/>
                    <snmpv3_securityname/>
                    <snmpv3_securitylevel>0</snmpv3_securitylevel>
                    <snmpv3_authprotocol>0</snmpv3_authprotocol>
                    <snmpv3_authpassphrase/>
                    <snmpv3_privprotocol>0</snmpv3_privprotocol>
                    <snmpv3_privpassphrase/>
                    <params/>
                    <ipmi_sensor/>
                    <authtype>0</authtype>
                    <username/>
                    <password/>
                    <publickey/>
                    <privatekey/>
                    <port>{$SNMP_PORT}</port>
                    <filter>
                        <evaltype>0</evaltype>
                        <formula/>
                        <conditions/>
                    </filter>
                    <lifetime>0d</lifetime>
                    <description>PSU health level information.</description>
                    <item_prototypes>
                        <item_prototype>
                            <name>powerSupply $1 Status</name>
                            <type>4</type>
                            <snmp_community>{$SNMP_COMMUNITY}</snmp_community>
                            <snmp_oid>1.3.6.1.4.1.2011.2.82.1.82.100.4.2001.1.3.{#SNMPINDEX}</snmp_oid>
                            <key>powerSupply[{#SNMPVALUE}]</key>
                            <delay>600s</delay>
                            <history>7d</history>
                            <trends>365d</trends>
                            <status>0</status>
                            <value_type>3</value_type>
                            <allowed_hosts/>
                            <units/>
                            <snmpv3_contextname/>
                            <snmpv3_securityname/>
                            <snmpv3_securitylevel>0</snmpv3_securitylevel>
                            <snmpv3_authprotocol>0</snmpv3_authprotocol>
                            <snmpv3_authpassphrase/>
                            <snmpv3_privprotocol>0</snmpv3_privprotocol>
                            <snmpv3_privpassphrase/>
                            <params/>
                            <ipmi_sensor/>
                            <authtype>0</authtype>
                            <username/>
                            <password/>
                            <publickey/>
                            <privatekey/>
                            <port>{$SNMP_PORT}</port>
                            <description/>
                            <inventory_link>0</inventory_link>
                            <applications>
                                <application>
                                    <name>PowerSupply</name>
                                </application>
                            </applications>
                            <valuemap>
                                <name>xFusion server smmHealth</name>
                            </valuemap>
                            <logtimefmt/>
                            <preprocessing/>
                            <jmx_endpoint/>
                            <application_prototypes/>
                            <master_item_prototype/>
                        </item_prototype>
                    </item_prototypes>
                    <trigger_prototypes>
                        <trigger_prototype>
                            <expression>{xFusion Server HMM Template:powerSupply[{#SNMPVALUE}].last()}=4</expression>
                            <recovery_mode>0</recovery_mode>
                            <recovery_expression/>
                            <name>powerSupply  [{#SNMPVALUE}] status critical</name>
                            <correlation_mode>0</correlation_mode>
                            <correlation_tag/>
                            <url/>
                            <status>0</status>
                            <priority>5</priority>
                            <description/>
                            <type>0</type>
                            <manual_close>0</manual_close>
                            <dependencies/>
                            <tags/>
                        </trigger_prototype>
                        <trigger_prototype>
                            <expression>{xFusion Server HMM Template:powerSupply[{#SNMPVALUE}].last()}=3</expression>
                            <recovery_mode>0</recovery_mode>
                            <recovery_expression/>
                            <name>powerSupply  [{#SNMPVALUE}] status major</name>
                            <correlation_mode>0</correlation_mode>
                            <correlation_tag/>
                            <url/>
                            <status>0</status>
                            <priority>4</priority>
                            <description/>
                            <type>0</type>
                            <manual_close>0</manual_close>
                            <dependencies/>
                            <tags/>
                        </trigger_prototype>
                        <trigger_prototype>
                            <expression>{xFusion Server HMM Template:powerSupply[{#SNMPVALUE}].last()}=2</expression>
                            <recovery_mode>0</recovery_mode>
                            <recovery_expression/>
                            <name>powerSupply  [{#SNMPVALUE}] status minor</name>
                            <correlation_mode>0</correlation_mode>
                            <correlation_tag/>
                            <url/>
                            <status>0</status>
                            <priority>2</priority>
                            <description/>
                            <type>0</type>
                            <manual_close>0</manual_close>
                            <dependencies/>
                            <tags/>
                        </trigger_prototype>
                    </trigger_prototypes>
                    <graph_prototypes/>
                    <host_prototypes/>
                    <jmx_endpoint/>
                </discovery_rule>
                <discovery_rule>
                    <name>mSwi</name>
                    <type>4</type>
                    <snmp_community>{$SNMP_COMMUNITY}</snmp_community>
                    <snmp_oid>discovery[{#SNMPVALUE},.1.3.6.1.4.1.2011.2.82.1.82.100.2.2001.1.1]</snmp_oid>
                    <key>mSwiHealth-[{#SNMPVALUE}]</key>
                    <delay>3600s</delay>
                    <status>0</status>
                    <allowed_hosts/>
                    <snmpv3_contextname/>
                    <snmpv3_securityname/>
                    <snmpv3_securitylevel>0</snmpv3_securitylevel>
                    <snmpv3_authprotocol>0</snmpv3_authprotocol>
                    <snmpv3_authpassphrase/>
                    <snmpv3_privprotocol>0</snmpv3_privprotocol>
                    <snmpv3_privpassphrase/>
                    <params/>
                    <ipmi_sensor/>
                    <authtype>0</authtype>
                    <username/>
                    <password/>
                    <publickey/>
                    <privatekey/>
                    <port>{$SNMP_PORT}</port>
                    <filter>
                        <evaltype>0</evaltype>
                        <formula/>
                        <conditions/>
                    </filter>
                    <lifetime>0d</lifetime>
                    <description>Switch health level information.</description>
                    <item_prototypes>
                        <item_prototype>
                            <name>switch $1 Status</name>
                            <type>4</type>
                            <snmp_community>{$SNMP_COMMUNITY}</snmp_community>
                            <snmp_oid>1.3.6.1.4.1.2011.2.82.1.82.100.2.2001.1.3.{#SNMPINDEX}</snmp_oid>
                            <key>switch[{#SNMPVALUE}]</key>
                            <delay>600s</delay>
                            <history>7d</history>
                            <trends>365d</trends>
                            <status>0</status>
                            <value_type>3</value_type>
                            <allowed_hosts/>
                            <units/>
                            <snmpv3_contextname/>
                            <snmpv3_securityname/>
                            <snmpv3_securitylevel>0</snmpv3_securitylevel>
                            <snmpv3_authprotocol>0</snmpv3_authprotocol>
                            <snmpv3_authpassphrase/>
                            <snmpv3_privprotocol>0</snmpv3_privprotocol>
                            <snmpv3_privpassphrase/>
                            <params/>
                            <ipmi_sensor/>
                            <authtype>0</authtype>
                            <username/>
                            <password/>
                            <publickey/>
                            <privatekey/>
                            <port>{$SNMP_PORT}</port>
                            <description/>
                            <inventory_link>0</inventory_link>
                            <applications>
                                <application>
                                    <name>Switch</name>
                                </application>
                            </applications>
                            <valuemap>
                                <name>xFusion server smmHealth</name>
                            </valuemap>
                            <logtimefmt/>
                            <preprocessing/>
                            <jmx_endpoint/>
                            <application_prototypes/>
                            <master_item_prototype/>
                        </item_prototype>
                    </item_prototypes>
                    <trigger_prototypes>
                        <trigger_prototype>
                            <expression>{xFusion Server HMM Template:switch[{#SNMPVALUE}].last()}=4</expression>
                            <recovery_mode>0</recovery_mode>
                            <recovery_expression/>
                            <name>switch [{#SNMPVALUE}] status critical</name>
                            <correlation_mode>0</correlation_mode>
                            <correlation_tag/>
                            <url/>
                            <status>0</status>
                            <priority>5</priority>
                            <description/>
                            <type>0</type>
                            <manual_close>0</manual_close>
                            <dependencies/>
                            <tags/>
                        </trigger_prototype>
                        <trigger_prototype>
                            <expression>{xFusion Server HMM Template:switch[{#SNMPVALUE}].last()}=3</expression>
                            <recovery_mode>0</recovery_mode>
                            <recovery_expression/>
                            <name>switch [{#SNMPVALUE}] status major</name>
                            <correlation_mode>0</correlation_mode>
                            <correlation_tag/>
                            <url/>
                            <status>0</status>
                            <priority>4</priority>
                            <description/>
                            <type>0</type>
                            <manual_close>0</manual_close>
                            <dependencies/>
                            <tags/>
                        </trigger_prototype>
                        <trigger_prototype>
                            <expression>{xFusion Server HMM Template:switch[{#SNMPVALUE}].last()}=2</expression>
                            <recovery_mode>0</recovery_mode>
                            <recovery_expression/>
                            <name>switch [{#SNMPVALUE}] status minor</name>
                            <correlation_mode>0</correlation_mode>
                            <correlation_tag/>
                            <url/>
                            <status>0</status>
                            <priority>2</priority>
                            <description/>
                            <type>0</type>
                            <manual_close>0</manual_close>
                            <dependencies/>
                            <tags/>
                        </trigger_prototype>
                    </trigger_prototypes>
                    <graph_prototypes/>
                    <host_prototypes/>
                    <jmx_endpoint/>
                </discovery_rule>
            </discovery_rules>
            <httptests/>
            <macros>
                <macro>
                    <macro>{$SNMP_COMMUNITY}</macro>
                    <value>xFusion12#$</value>
                </macro>
                <macro>
                    <macro>{$SNMP_PORT}</macro>
                    <value>161</value>
                </macro>
            </macros>
            <templates/>
            <screens/>
        </template>
    </templates>
    <triggers>
        <trigger>
            <expression>{xFusion Server HMM Template:shelfHealth.last()}&gt;3 and {xFusion Server HMM Template:shelfHealth.last()}&lt;8</expression>
            <recovery_mode>0</recovery_mode>
            <recovery_expression/>
            <name>HMMshelfHealth critical</name>
            <correlation_mode>0</correlation_mode>
            <correlation_tag/>
            <url/>
            <status>0</status>
            <priority>5</priority>
            <description/>
            <type>0</type>
            <manual_close>0</manual_close>
            <dependencies/>
            <tags/>
        </trigger>
        <trigger>
            <expression>{xFusion Server HMM Template:shelfHealth.last()}=2 or {xFusion Server HMM Template:shelfHealth.last()}=3</expression>
            <recovery_mode>0</recovery_mode>
            <recovery_expression/>
            <name>HMMshelfHealth major</name>
            <correlation_mode>0</correlation_mode>
            <correlation_tag/>
            <url/>
            <status>0</status>
            <priority>4</priority>
            <description/>
            <type>0</type>
            <manual_close>0</manual_close>
            <dependencies/>
            <tags/>
        </trigger>
        <trigger>
            <expression>{xFusion Server HMM Template:shelfHealth.last()}=1</expression>
            <recovery_mode>0</recovery_mode>
            <recovery_expression/>
            <name>HMMshelfHealth minor</name>
            <correlation_mode>0</correlation_mode>
            <correlation_tag/>
            <url/>
            <status>0</status>
            <priority>2</priority>
            <description/>
            <type>0</type>
            <manual_close>0</manual_close>
            <dependencies/>
            <tags/>
        </trigger>
        <trigger>
            <expression>{xFusion Server HMM Template:systemHealth.last()}&gt;3 and {xFusion Server HMM Template:systemHealth.last()}&lt;8</expression>
            <recovery_mode>0</recovery_mode>
            <recovery_expression/>
            <name>HMMsystemHealth critical</name>
            <correlation_mode>0</correlation_mode>
            <correlation_tag/>
            <url/>
            <status>0</status>
            <priority>5</priority>
            <description/>
            <type>0</type>
            <manual_close>0</manual_close>
            <dependencies/>
            <tags/>
        </trigger>
        <trigger>
            <expression>{xFusion Server HMM Template:systemHealth.last()}=2 or {xFusion Server HMM Template:systemHealth.last()}=3</expression>
            <recovery_mode>0</recovery_mode>
            <recovery_expression/>
            <name>HMMsystemHealth major</name>
            <correlation_mode>0</correlation_mode>
            <correlation_tag/>
            <url/>
            <status>0</status>
            <priority>4</priority>
            <description/>
            <type>0</type>
            <manual_close>0</manual_close>
            <dependencies/>
            <tags/>
        </trigger>
        <trigger>
            <expression>{xFusion Server HMM Template:systemHealth.last()}=1</expression>
            <recovery_mode>0</recovery_mode>
            <recovery_expression/>
            <name>HMMsystemHealth minor</name>
            <correlation_mode>0</correlation_mode>
            <correlation_tag/>
            <url/>
            <status>0</status>
            <priority>2</priority>
            <description/>
            <type>0</type>
            <manual_close>0</manual_close>
            <dependencies/>
            <tags/>
        </trigger>
        <trigger>
            <expression>{xFusion Server HMM Template:smmHealth.last()}&gt;3 and {xFusion Server HMM Template:systemHealth.last()}&lt;8</expression>
            <recovery_mode>0</recovery_mode>
            <recovery_expression/>
            <name>smmHealth critical</name>
            <correlation_mode>0</correlation_mode>
            <correlation_tag/>
            <url/>
            <status>0</status>
            <priority>5</priority>
            <description/>
            <type>0</type>
            <manual_close>0</manual_close>
            <dependencies/>
            <tags/>
        </trigger>
        <trigger>
            <expression>{xFusion Server HMM Template:smmHealth.last()}=2 or &#13;
{xFusion Server HMM Template:smmHealth.last()}=3</expression>
            <recovery_mode>0</recovery_mode>
            <recovery_expression/>
            <name>smmHealth major</name>
            <correlation_mode>0</correlation_mode>
            <correlation_tag/>
            <url/>
            <status>0</status>
            <priority>4</priority>
            <description/>
            <type>0</type>
            <manual_close>0</manual_close>
            <dependencies/>
            <tags/>
        </trigger>
        <trigger>
            <expression>{xFusion Server HMM Template:smmHealth.last()}=1</expression>
            <recovery_mode>0</recovery_mode>
            <recovery_expression/>
            <name>smmHealth minor</name>
            <correlation_mode>0</correlation_mode>
            <correlation_tag/>
            <url/>
            <status>0</status>
            <priority>2</priority>
            <description/>
            <type>0</type>
            <manual_close>0</manual_close>
            <dependencies/>
            <tags/>
        </trigger>
    </triggers>
    <graphs>
        <graph>
            <name>Ambient Temperature (°C)</name>
            <width>900</width>
            <height>200</height>
            <yaxismin>0.0000</yaxismin>
            <yaxismax>100.0000</yaxismax>
            <show_work_period>1</show_work_period>
            <show_triggers>1</show_triggers>
            <type>0</type>
            <show_legend>1</show_legend>
            <show_3d>0</show_3d>
            <percent_left>0.0000</percent_left>
            <percent_right>0.0000</percent_right>
            <ymin_type_1>0</ymin_type_1>
            <ymax_type_1>0</ymax_type_1>
            <ymin_item_1>0</ymin_item_1>
            <ymax_item_1>0</ymax_item_1>
            <graph_items>
                <graph_item>
                    <sortorder>0</sortorder>
                    <drawtype>0</drawtype>
                    <color>1A7C11</color>
                    <yaxisside>0</yaxisside>
                    <calc_fnc>2</calc_fnc>
                    <type>0</type>
                    <item>
                        <host>xFusion Server HMM Template</host>
                        <key>Ambient_Temp</key>
                    </item>
                </graph_item>
            </graph_items>
        </graph>
        <graph>
            <name>inlet Temperature (°C)</name>
            <width>900</width>
            <height>200</height>
            <yaxismin>0.0000</yaxismin>
            <yaxismax>100.0000</yaxismax>
            <show_work_period>1</show_work_period>
            <show_triggers>1</show_triggers>
            <type>0</type>
            <show_legend>1</show_legend>
            <show_3d>0</show_3d>
            <percent_left>0.0000</percent_left>
            <percent_right>0.0000</percent_right>
            <ymin_type_1>0</ymin_type_1>
            <ymax_type_1>0</ymax_type_1>
            <ymin_item_1>0</ymin_item_1>
            <ymax_item_1>0</ymax_item_1>
            <graph_items>
                <graph_item>
                    <sortorder>0</sortorder>
                    <drawtype>0</drawtype>
                    <color>1A7C11</color>
                    <yaxisside>0</yaxisside>
                    <calc_fnc>2</calc_fnc>
                    <type>0</type>
                    <item>
                        <host>xFusion Server HMM Template</host>
                        <key>Inlet_Temp</key>
                    </item>
                </graph_item>
            </graph_items>
        </graph>
        <graph>
            <name>LSW Temperature (°C)</name>
            <width>900</width>
            <height>200</height>
            <yaxismin>0.0000</yaxismin>
            <yaxismax>100.0000</yaxismax>
            <show_work_period>1</show_work_period>
            <show_triggers>1</show_triggers>
            <type>0</type>
            <show_legend>1</show_legend>
            <show_3d>0</show_3d>
            <percent_left>0.0000</percent_left>
            <percent_right>0.0000</percent_right>
            <ymin_type_1>0</ymin_type_1>
            <ymax_type_1>0</ymax_type_1>
            <ymin_item_1>0</ymin_item_1>
            <ymax_item_1>0</ymax_item_1>
            <graph_items>
                <graph_item>
                    <sortorder>0</sortorder>
                    <drawtype>0</drawtype>
                    <color>1A7C11</color>
                    <yaxisside>0</yaxisside>
                    <calc_fnc>2</calc_fnc>
                    <type>0</type>
                    <item>
                        <host>xFusion Server HMM Template</host>
                        <key>LSW_Temp</key>
                    </item>
                </graph_item>
            </graph_items>
        </graph>
        <graph>
            <name>outlet Temperature (°C)</name>
            <width>900</width>
            <height>200</height>
            <yaxismin>0.0000</yaxismin>
            <yaxismax>100.0000</yaxismax>
            <show_work_period>1</show_work_period>
            <show_triggers>1</show_triggers>
            <type>0</type>
            <show_legend>1</show_legend>
            <show_3d>0</show_3d>
            <percent_left>0.0000</percent_left>
            <percent_right>0.0000</percent_right>
            <ymin_type_1>0</ymin_type_1>
            <ymax_type_1>0</ymax_type_1>
            <ymin_item_1>0</ymin_item_1>
            <ymax_item_1>0</ymax_item_1>
            <graph_items>
                <graph_item>
                    <sortorder>0</sortorder>
                    <drawtype>0</drawtype>
                    <color>1A7C11</color>
                    <yaxisside>0</yaxisside>
                    <calc_fnc>2</calc_fnc>
                    <type>0</type>
                    <item>
                        <host>xFusion Server HMM Template</host>
                        <key>Outlet_Temp</key>
                    </item>
                </graph_item>
            </graph_items>
        </graph>
        <graph>
            <name>shelfRealTimePower (W)</name>
            <width>900</width>
            <height>200</height>
            <yaxismin>0.0000</yaxismin>
            <yaxismax>100.0000</yaxismax>
            <show_work_period>1</show_work_period>
            <show_triggers>1</show_triggers>
            <type>0</type>
            <show_legend>1</show_legend>
            <show_3d>0</show_3d>
            <percent_left>0.0000</percent_left>
            <percent_right>0.0000</percent_right>
            <ymin_type_1>0</ymin_type_1>
            <ymax_type_1>0</ymax_type_1>
            <ymin_item_1>0</ymin_item_1>
            <ymax_item_1>0</ymax_item_1>
            <graph_items>
                <graph_item>
                    <sortorder>0</sortorder>
                    <drawtype>0</drawtype>
                    <color>1A7C11</color>
                    <yaxisside>0</yaxisside>
                    <calc_fnc>2</calc_fnc>
                    <type>0</type>
                    <item>
                        <host>xFusion Server HMM Template</host>
                        <key>shelfRealTimePower</key>
                    </item>
                </graph_item>
            </graph_items>
        </graph>
    </graphs>
    <value_maps>
        <value_map>
            <name>xFusion server HMMsystemHealth</name>
            <mappings>
                <mapping>
                    <value>0</value>
                    <newvalue>ok</newvalue>
                </mapping>
                <mapping>
                    <value>1</value>
                    <newvalue>minor</newvalue>
                </mapping>
                <mapping>
                    <value>2</value>
                    <newvalue>major</newvalue>
                </mapping>
                <mapping>
                    <value>3</value>
                    <newvalue>majorandminor</newvalue>
                </mapping>
                <mapping>
                    <value>4</value>
                    <newvalue>critical</newvalue>
                </mapping>
                <mapping>
                    <value>5</value>
                    <newvalue>criticalandminor</newvalue>
                </mapping>
                <mapping>
                    <value>6</value>
                    <newvalue>criticalandmajor</newvalue>
                </mapping>
                <mapping>
                    <value>7</value>
                    <newvalue>criticalandmajorandminor</newvalue>
                </mapping>
            </mappings>
        </value_map>
        <value_map>
            <name>xFusion server smmHealth</name>
            <mappings>
                <mapping>
                    <value>1</value>
                    <newvalue>normal</newvalue>
                </mapping>
                <mapping>
                    <value>2</value>
                    <newvalue>minor</newvalue>
                </mapping>
                <mapping>
                    <value>3</value>
                    <newvalue>major</newvalue>
                </mapping>
                <mapping>
                    <value>4</value>
                    <newvalue>critical</newvalue>
                </mapping>
            </mappings>
        </value_map>
        <value_map>
            <name>xFusion server HMM Blade temperature</name>
            <mappings>
                <mapping>
                    <value>2.15 G</value>
                    <newvalue>Invalide Temperature value</newvalue>
                </mapping>
                <mapping>
                    <value>2.15 G°C</value>
                    <newvalue>Invalide Temperature value</newvalue>
                </mapping>
                <mapping>
                    <value>2147483647</value>
                    <newvalue>Invalide Temperature value</newvalue>
                </mapping>
                <mapping>
                    <value>2147483647°C</value>
                    <newvalue>Invalide Temperature value</newvalue>
                </mapping>
            </mappings>
        </value_map>
        <value_map>
            <name>xFusion server invalid CPU usage</name>
            <mappings>
                <mapping>
                    <value>65535 %</value>
                    <newvalue>invalid current CPU usage</newvalue>
                </mapping>
                <mapping>
                    <value>65536</value>
                    <newvalue>invalid current CPU usage</newvalue>
                </mapping>
            </mappings>
        </value_map>
    </value_maps>
</zabbix_export>
